method,selected_true_effect,optimal_selected_true_effect,relative_efficiency
Naive,0.03761174680117337,0.039065719487752615,0.9627813667418803
OLS,0.03761174680117337,0.039065719487752615,0.9627813667418803
IPW,0.03761174680117337,0.039065719487752615,0.9627813667418803
Causal Forest,0.034958558363946436,0.039065719487752615,0.8948653403121424
DML,0.03761174680117337,0.039065719487752615,0.9627813667418803
Optimal,0.039065719487752615,0.039065719487752615,1.0
